Team,Player,Position,Line,Scoring,Playmaking,Active
Washington,Alex Carter,LW,1,86,78,TRUE
Washington,Sam Reed,C,1,82,88,TRUE
Washington,Chris Hall,RW,1,80,76,TRUE
Washington,Jordan Price,LD,1,62,79,TRUE
Washington,Evan Brooks,RD,1,58,76,TRUE
Washington,Daniel Price,G,1,70,70,TRUE
Montreal,Marc Roy,LW,1,84,75,TRUE
Montreal,Jean Tremblay,C,1,78,87,TRUE
Montreal,Luc Martin,RW,1,82,74,TRUE
Montreal,Andre Gagnon,LD,1,60,80,TRUE
Montreal,Paul Fortin,RD,1,57,77,TRUE
Montreal,Eric Bouchard,G,1,70,70,TRUE
